pair_id,trajectory_state_index,variant,first_action_mean_pairwise_l2,first_action_max_pairwise_l2,exec10_mean_pairwise_l2,exec10_max_pairwise_l2,exec10_centroid_rmse,exec10_arm_mean_pairwise_l2,exec10_gripper_mean_pairwise_abs,full50_mean_pairwise_l2,full50_max_pairwise_l2,exec10_dim0_mean_pairwise_abs,exec10_dim1_mean_pairwise_abs,exec10_dim2_mean_pairwise_abs,exec10_dim3_mean_pairwise_abs,exec10_dim4_mean_pairwise_abs,exec10_dim5_mean_pairwise_abs,exec10_dim6_mean_pairwise_abs
0,8,clean,0.09237474203109741,0.13631029427051544,0.12628859281539917,0.48675963282585144,0.037317320704460144,0.12615390121936798,0.0038678490091115236,0.21817849576473236,2.1074283123016357,0.028252320364117622,0.06347420811653137,0.0881999284029007,0.01637737639248371,0.00791091937571764,0.0007514719036407769,0.0038678490091115236
0,8,perturbed,0.07546460628509521,0.12658944725990295,0.10142527520656586,0.34904617071151733,0.028041133657097816,0.10128694772720337,0.0038288331124931574,0.22370189428329468,2.0579864978790283,0.028659261763095856,0.06202198937535286,0.054516855627298355,0.016577990725636482,0.002461463212966919,0.0006172215798869729,0.0038288331124931574
1,9,clean,0.08144477009773254,0.1238967776298523,0.13095957040786743,0.5169250965118408,0.04049338027834892,0.13083238899707794,0.0034163761883974075,0.2029583901166916,2.04622745513916,0.03672906011343002,0.0709000900387764,0.08802860230207443,0.011745023541152477,0.009467493742704391,0.0008099546539597213,0.0034163761883974075
1,9,perturbed,0.07424505054950714,0.12221629917621613,0.11060874164104462,0.4409726560115814,0.03318585455417633,0.11048545688390732,0.00352633954025805,0.22253170609474182,2.0501291751861572,0.026704449206590652,0.07465382665395737,0.05776490643620491,0.012312539853155613,0.0020296720322221518,0.000727135397028178,0.00352633954025805
2,10,clean,0.0850297063589096,0.12918783724308014,0.14244356751441956,0.49223026633262634,0.04255760833621025,0.14236508309841156,0.003163847839459777,0.15944978594779968,1.9988749027252197,0.0519280731678009,0.07645083218812943,0.08494758605957031,0.011442882940173149,0.012560219503939152,0.0012255458859726787,0.003163847839459777
2,10,perturbed,0.08523310720920563,0.14149309694766998,0.12148591876029968,0.4660450220108032,0.036822643131017685,0.12135471403598785,0.0036806142888963223,0.2136448621749878,2.0433712005615234,0.029628951102495193,0.08381035178899765,0.06454012542963028,0.012202565558254719,0.0018664784729480743,0.0007806688081473112,0.0036806142888963223
3,12,clean,0.07321181148290634,0.11802385002374649,0.1463526487350464,0.4806205928325653,0.04186190664768219,0.14628928899765015,0.0031871413812041283,0.15829290449619293,1.9977315664291382,0.06361616402864456,0.06867476552724838,0.08097653090953827,0.010465728119015694,0.015412301756441593,0.002698295982554555,0.0031871413812041283
3,12,perturbed,0.0848967656493187,0.14047428965568542,0.15028852224349976,0.4582329988479614,0.0444941371679306,0.15022967755794525,0.003007190302014351,0.19513265788555145,2.004002571105957,0.050865910947322845,0.08905769139528275,0.08621811866760254,0.01197229977697134,0.008113974705338478,0.0008871611789800227,0.003007190302014351
4,13,clean,0.06797371804714203,0.10972069203853607,0.14352667331695557,0.4040991961956024,0.04010457918047905,0.1434774249792099,0.0029295682907104492,0.13147267699241638,1.9802448749542236,0.05823753774166107,0.07016371935606003,0.07962269335985184,0.010527716018259525,0.017338553443551064,0.003258822485804558,0.0029295682907104492
4,13,perturbed,0.0807451456785202,0.13342782855033875,0.1626981794834137,0.456888884305954,0.04719807207584381,0.16262935101985931,0.003531750524416566,0.18452508747577667,2.0053529739379883,0.06467854231595993,0.087225541472435,0.08764351159334183,0.012105950154364109,0.011850345879793167,0.0016289990162476897,0.003531750524416566
5,14,clean,0.06689175218343735,0.11006450653076172,0.1427798867225647,0.3835200071334839,0.03959396108984947,0.14272545278072357,0.0031675875652581453,0.10429444164037704,0.3835200071334839,0.05637552589178085,0.0721849799156189,0.07888218760490417,0.010678044520318508,0.017975468188524246,0.003743769833818078,0.0031675875652581453
5,14,perturbed,0.07567132264375687,0.12778162956237793,0.15966662764549255,0.40392735600471497,0.04493379965424538,0.15960603952407837,0.0035771261900663376,0.1496615707874298,1.987574815750122,0.06830523908138275,0.08357357233762741,0.07965529710054398,0.013576571829617023,0.012127802707254887,0.002023516921326518,0.0035771261900663376
6,16,clean,0.10465673357248306,0.1962921917438507,0.17229577898979187,0.43320900201797485,0.046106040477752686,0.17224910855293274,0.003090496174991131,0.165765643119812,1.979353904724121,0.07932973653078079,0.07972479611635208,0.09003189206123352,0.011521135456860065,0.02256379835307598,0.005112201441079378,0.003090496174991131
6,16,perturbed,0.08488617092370987,0.16846098005771637,0.17391091585159302,0.44839203357696533,0.047223079949617386,0.17386870086193085,0.0029661559965461493,0.11943406611680984,0.44839203357696533,0.07765255123376846,0.0856563001871109,0.09221217781305313,0.014337095431983471,0.015237361192703247,0.0040747178718447685,0.0029661559965461493
7,17,clean,0.1617092490196228,0.2979714274406433,0.17823389172554016,0.510918378829956,0.04874208942055702,0.17819654941558838,0.0025779830757528543,0.179866760969162,1.9894177913665771,0.09048005193471909,0.06657633185386658,0.09731770306825638,0.011455247178673744,0.026722609996795654,0.006432666908949614,0.0025779830757528543
7,17,perturbed,0.07663874328136444,0.13512171804904938,0.16555100679397583,0.4880492091178894,0.04523833841085434,0.16550788283348083,0.003104714211076498,0.13167265057563782,1.9712791442871094,0.07815617322921753,0.06227704882621765,0.0981118232011795,0.013255041092634201,0.01629038155078888,0.004941693972796202,0.003104714211076498
8,18,clean,0.20096147060394287,0.40200358629226685,0.16853076219558716,0.44820454716682434,0.04600139334797859,0.16847336292266846,0.0030966270714998245,0.16584600508213043,1.9904879331588745,0.0852462649345398,0.06502809375524521,0.08644595742225647,0.009469522163271904,0.02998928539454937,0.006683254614472389,0.0030966270714998245
8,18,perturbed,0.09740562736988068,0.18221284449100494,0.15569287538528442,0.4207097589969635,0.04248739778995514,0.15565162897109985,0.002906166249886155,0.1283467411994934,1.985489010810852,0.07294879108667374,0.05364421010017395,0.09321891516447067,0.012683127075433731,0.016948280856013298,0.0060787624679505825,0.002906166249886155
9,20,clean,0.31962570548057556,0.5712807178497314,0.19705958664417267,0.5712807178497314,0.053964726626873016,0.19698721170425415,0.0041633425280451775,0.16594643890857697,1.978222370147705,0.1342417299747467,0.07007715851068497,0.0629965141415596,0.01531643234193325,0.03493356332182884,0.011154797859489918,0.0041633425280451775
9,20,perturbed,0.19021661579608917,0.358621209859848,0.16285134851932526,0.4679673910140991,0.04597831889986992,0.16280557215213776,0.0030276381876319647,0.15025195479393005,1.9905800819396973,0.08108766376972198,0.056223064661026,0.08885189890861511,0.01416107639670372,0.02267524227499962,0.010056477971374989,0.0030276381876319647
10,21,clean,0.3248538374900818,0.5586531162261963,0.18668195605278015,0.5586531162261963,0.05157575011253357,0.18660849332809448,0.0039057277608662844,0.20324361324310303,1.992030382156372,0.14205120503902435,0.059225715696811676,0.0415053516626358,0.014458153396844864,0.034682746976614,0.011787867173552513,0.0039057277608662844
10,21,perturbed,0.23404237627983093,0.4372178614139557,0.1656453162431717,0.475744366645813,0.04732408747076988,0.16557665169239044,0.003870940301567316,0.1461133360862732,1.9817123413085938,0.09543994069099426,0.05368022993206978,0.07922813296318054,0.015177112072706223,0.02737169899046421,0.013172661885619164,0.003870940301567316
11,22,clean,0.21005260944366455,0.3289572596549988,0.17832161486148834,0.43677231669425964,0.04841204360127449,0.17823752760887146,0.004032767843455076,0.1857217401266098,1.9904156923294067,0.1485697329044342,0.053259167820215225,0.017155397683382034,0.014364718459546566,0.02767162397503853,0.01402672566473484,0.004032767843455076
11,22,perturbed,0.30951711535453796,0.515174925327301,0.19106662273406982,0.5222931504249573,0.0541902557015419,0.19100429117679596,0.0037385106552392244,0.169447124004364,1.9866315126419067,0.13505250215530396,0.058655425906181335,0.06475548446178436,0.016982868313789368,0.02976200543344021,0.016233259811997414,0.0037385106552392244
12,23,clean,0.16932351887226105,0.2930895686149597,0.16524450480937958,0.4105065166950226,0.04540903493762016,0.16519691050052643,0.002683407161384821,0.1958579123020172,2.0083811283111572,0.14107128977775574,0.053080443292856216,0.013180576264858246,0.01216347236186266,0.020303113386034966,0.012028652243316174,0.002683407161384821
12,23,perturbed,0.31761354207992554,0.5319085121154785,0.17682544887065887,0.5319085121154785,0.05088655278086662,0.17675338685512543,0.0035210764035582542,0.16406960785388947,1.9789897203445435,0.13527050614356995,0.05354643985629082,0.047325726598501205,0.015709836035966873,0.02697906643152237,0.013089150190353394,0.0035210764035582542
13,25,clean,0.19383488595485687,0.3657965064048767,0.1543988138437271,0.4499424993991852,0.043552808463573456,0.15436358749866486,0.0021929156500846148,0.2424289435148239,2.062382459640503,0.13511905074119568,0.04343363270163536,0.01585506647825241,0.007511995267122984,0.015853969380259514,0.010907480493187904,0.0021929156500846148
13,25,perturbed,0.21386413276195526,0.39632928371429443,0.1324983835220337,0.39632928371429443,0.03703602775931358,0.13243421912193298,0.002937673358246684,0.1623874455690384,1.9738035202026367,0.10553813725709915,0.04600932076573372,0.01774715632200241,0.008674520067870617,0.023407144472002983,0.013013679534196854,0.002937673358246684
14,26,clean,0.2104489803314209,0.3695352375507355,0.16738490760326385,0.4683721661567688,0.047445546835660934,0.16733960807323456,0.0025764061138033867,0.22517021000385284,2.006539821624756,0.14537039399147034,0.0511358343064785,0.01560863759368658,0.007778461091220379,0.01114344596862793,0.012632839381694794,0.0025764061138033867
14,26,perturbed,0.1809394359588623,0.3294658362865448,0.12854048609733582,0.33940884470939636,0.03580715134739876,0.12847989797592163,0.0027895295061171055,0.18472900986671448,1.98226797580719,0.1060633659362793,0.0401591919362545,0.014844714663922787,0.008991751819849014,0.02254319190979004,0.011409256607294083,0.0027895295061171055
15,27,clean,0.2274332344532013,0.3878059685230255,0.1822088658809662,0.49156302213668823,0.05087848752737045,0.182169109582901,0.0025947773829102516,0.23902878165245056,2.0677971839904785,0.15533319115638733,0.06569603085517883,0.016771605238318443,0.006904564332216978,0.010652466677129269,0.015131980180740356,0.0025947773829102516
15,27,perturbed,0.17740407586097717,0.3548599183559418,0.14114601910114288,0.42770692706108093,0.03939742594957352,0.1410856544971466,0.0027555895503610373,0.1881725788116455,1.9808884859085083,0.12071378529071808,0.037949975579977036,0.013268415816128254,0.00830406229943037,0.02060920000076294,0.011731704697012901,0.0027555895503610373
16,29,clean,0.29761189222335815,0.580522894859314,0.1978311389684677,0.5876782536506653,0.05539369955658913,0.197788804769516,0.002966956002637744,0.2459949553012848,2.076575994491577,0.16949932277202606,0.07472926378250122,0.016690485179424286,0.008606549352407455,0.009377555921673775,0.018146520480513573,0.002966956002637744
16,29,perturbed,0.1371172070503235,0.28401076793670654,0.1521708369255066,0.46631914377212524,0.04255397617816925,0.1521180272102356,0.002611821983009577,0.1933998167514801,1.9781814813613892,0.1324286013841629,0.046839639544487,0.014667212963104248,0.008378064259886742,0.014082783833146095,0.01316004991531372,0.002611821983009577
17,30,clean,0.2878657877445221,0.5950378179550171,0.18856428563594818,0.5950378179550171,0.051815081387758255,0.18850630521774292,0.0030986976344138384,0.2443404495716095,2.060783624649048,0.15525251626968384,0.07682161033153534,0.01615951955318451,0.010026898235082626,0.012538973242044449,0.01977372355759144,0.0030986976344138384
17,30,perturbed,0.21783332526683807,0.4570511281490326,0.16880138218402863,0.4752160906791687,0.04705963283777237,0.1687612682580948,0.002434843685477972,0.20550793409347534,1.9752763509750366,0.14580701291561127,0.06103001907467842,0.013363923877477646,0.008741151541471481,0.011715003289282322,0.014216553419828415,0.002434843685477972
18,31,clean,0.21820786595344543,0.40753498673439026,0.24961012601852417,1.9872715473175049,0.10563334822654724,0.17820119857788086,0.08209038525819778,0.24753524363040924,2.0519278049468994,0.14144869148731232,0.07851775735616684,0.020441005006432533,0.011103983968496323,0.015905238687992096,0.018395990133285522,0.08209038525819778
18,31,perturbed,0.25539833307266235,0.5525909066200256,0.16026489436626434,0.5525909066200256,0.045430030673742294,0.16020889580249786,0.0027906179893761873,0.2318800687789917,2.0217337608337402,0.13074924051761627,0.06713259220123291,0.01428502518683672,0.010335071012377739,0.011902112513780594,0.015572361648082733,0.0027906179893761873
19,32,clean,0.15245957672595978,0.25751468539237976,0.31288498640060425,2.0030908584594727,0.1415535807609558,0.17212459444999695,0.16181638836860657,0.20796579122543335,2.0030908584594727,0.12803147733211517,0.08100152760744095,0.03105325438082218,0.012353628873825073,0.019296424463391304,0.015567583963274956,0.16181638836860657
19,32,perturbed,0.217998668551445,0.45688438415527344,0.1538093239068985,0.45688438415527344,0.044756803661584854,0.15374888479709625,0.0030759847722947598,0.19099751114845276,1.9998046159744263,0.11987119913101196,0.07396232336759567,0.016409261152148247,0.012183867394924164,0.014471706934273243,0.01083445455878973,0.0030759847722947598
20,34,clean,0.10866955667734146,0.17908650636672974,0.37646666169166565,2.002028703689575,0.15915469825267792,0.1931222677230835,0.20266376435756683,0.2213590443134308,2.0144541263580322,0.12081978470087051,0.07634003460407257,0.07242710888385773,0.017946334555745125,0.02633979544043541,0.015926534309983253,0.20266376435756683
20,34,perturbed,0.12939932942390442,0.187838613986969,0.30093467235565186,2.0072474479675293,0.14088070392608643,0.15237227082252502,0.16642871499061584,0.2072875052690506,2.0199732780456543,0.1060146912932396,0.0694982260465622,0.03457454964518547,0.016263112425804138,0.02119515649974346,0.009480830281972885,0.16642871499061584
21,35,clean,0.13998083770275116,0.2531639635562897,0.387053519487381,2.003222703933716,0.1595350205898285,0.20481927692890167,0.20181922614574432,0.2512463927268982,2.0510780811309814,0.12700985372066498,0.07004278898239136,0.08992177993059158,0.019679658114910126,0.02641124278306961,0.014871474355459213,0.20181922614574432
21,35,perturbed,0.09574125707149506,0.15223143994808197,0.3317285478115082,2.009284019470215,0.14471407234668732,0.18790093064308167,0.16210085153579712,0.2438785433769226,2.119047164916992,0.13234201073646545,0.06342203170061111,0.06475590914487839,0.017494475468993187,0.02311931923031807,0.008706086315214634,0.16210085153579712
22,36,clean,0.16948041319847107,0.2963910400867462,0.33364617824554443,2.0009920597076416,0.143011212348938,0.1880568265914917,0.16170738637447357,0.21786698698997498,2.014800786972046,0.1153917983174324,0.057289715856313705,0.09015371650457382,0.019946688786149025,0.02990584820508957,0.01806844025850296,0.16170738637447357
22,36,perturbed,0.12942354381084442,0.1845676749944687,0.3910733759403229,1.9953159093856812,0.16035637259483337,0.20920957624912262,0.2019474059343338,0.2648550271987915,2.144012451171875,0.1422843337059021,0.06229039654135704,0.08993200957775116,0.01795448735356331,0.02408670447766781,0.010840953327715397,0.2019474059343338
23,38,clean,0.1390112340450287,0.2882908582687378,0.3340100049972534,1.9994454383850098,0.1560298055410385,0.14953522384166718,0.2026568353176117,0.2744980454444885,2.131526470184326,0.0683891698718071,0.03886469453573227,0.09527040272951126,0.016459995880723,0.02795945107936859,0.019927343353629112,0.2026568353176117
23,38,perturbed,0.20435114204883575,0.38807958364486694,0.3543131649494171,1.995019555091858,0.15710356831550598,0.1750003844499588,0.20147539675235748,0.2833612561225891,2.15565824508667,0.11696460098028183,0.026556234806776047,0.09514467418193817,0.012222289107739925,0.02664092555642128,0.014678385108709335,0.20147539675235748
24,39,clean,0.8422905802726746,2.001281976699829,0.2635343372821808,2.0054054260253906,0.13842186331748962,0.11314001679420471,0.16276931762695312,0.2153041660785675,2.048902988433838,0.03735284507274628,0.03135530278086662,0.07983576506376266,0.014682608656585217,0.025673408061265945,0.0175186675041914,0.16276931762695312
24,39,perturbed,0.15413548052310944,0.26209065318107605,0.1845230907201767,2.0008325576782227,0.09913527220487595,0.10890603065490723,0.08385024219751358,0.18277370929718018,2.020686149597168,0.06681951880455017,0.013982677832245827,0.05115814507007599,0.0071037872694432735,0.04073471575975418,0.012345761992037296,0.08385024219751358
25,40,clean,0.7192789912223816,1.717190146446228,0.1518247276544571,1.717190146446228,0.08536864817142487,0.08650903403759003,0.07240570336580276,0.1850745975971222,2.0903143882751465,0.02599196694791317,0.03463734686374664,0.05184382572770119,0.014223272912204266,0.02588106319308281,0.012140298262238503,0.07240570336580276
25,40,perturbed,0.8767746090888977,1.9800256490707397,0.3164944052696228,2.006519079208374,0.15366972982883453,0.1306358277797699,0.2017504721879959,0.19414333999156952,2.006519079208374,0.060520898550748825,0.025825729593634605,0.0748414620757103,0.00923231802880764,0.049160875380039215,0.01843336597084999,0.2017504721879959
26,41,clean,0.08656223863363266,0.15055851638317108,0.061887286603450775,0.15055851638317108,0.016902664676308632,0.06181134283542633,0.002384437248110771,0.16853387653827667,2.106454372406006,0.01932736672461033,0.02241021953523159,0.03273746743798256,0.0088660242035985,0.02552371472120285,0.010462493635714054,0.002384437248110771
26,41,perturbed,0.08463793247938156,0.14362485706806183,0.09378673881292343,0.20959119498729706,0.02471986785531044,0.09370864927768707,0.003133288584649563,0.1891201138496399,2.107800006866455,0.037202127277851105,0.01798325777053833,0.061316315084695816,0.006541335489600897,0.03497844934463501,0.01545922551304102,0.003133288584649563
27,43,clean,0.13935507833957672,0.240300253033638,0.0676075890660286,0.240300253033638,0.01975443959236145,0.0675366073846817,0.0023830903228372335,0.1786690056324005,2.0940682888031006,0.030560219660401344,0.02472667768597603,0.032453808933496475,0.00445683253929019,0.024870343506336212,0.013718989677727222,0.0023830903228372335
27,43,perturbed,0.10989174991846085,0.19560031592845917,0.12965810298919678,0.3847759962081909,0.03590074181556702,0.1295841634273529,0.0030890966299921274,0.20182324945926666,2.143453598022461,0.06267301738262177,0.025436054915189743,0.09293670952320099,0.0038397377356886864,0.026603739708662033,0.024137035012245178,0.0030890966299921274
28,44,clean,0.07874660193920135,0.1215711236000061,0.06712032854557037,0.262749582529068,0.019928675144910812,0.06703373789787292,0.0026353204157203436,0.19052758812904358,2.1207103729248047,0.028335977345705032,0.030258579179644585,0.03132152929902077,0.003457943443208933,0.02357598952949047,0.0140154417604208,0.0026353204157203436
28,44,perturbed,0.059972502291202545,0.09937751293182373,0.14457136392593384,0.39368611574172974,0.03995021805167198,0.1444753259420395,0.003578908508643508,0.21472419798374176,2.162958860397339,0.0742812305688858,0.04569249972701073,0.09675239771604538,0.004762507975101471,0.024183904752135277,0.023038821294903755,0.003578908508643508
29,45,clean,0.04574941098690033,0.06404957175254822,0.07529893517494202,0.26279035210609436,0.02268834039568901,0.07523467391729355,0.002267143689095974,0.19127729535102844,2.1231846809387207,0.028607258573174477,0.04513631388545036,0.029480446130037308,0.003149966709315777,0.022806650027632713,0.013414344750344753,0.002267143689095974
29,45,perturbed,0.089993417263031,0.15303359925746918,0.1555270552635193,0.3910144865512848,0.042096491903066635,0.15545234084129333,0.0032567118760198355,0.23174552619457245,2.196157217025757,0.07880432903766632,0.0626402199268341,0.09037980437278748,0.006230044178664684,0.024270696565508842,0.025972962379455566,0.0032567118760198355
30,47,clean,0.06658510118722916,0.10356234759092331,0.10226240754127502,0.28086286783218384,0.030221274122595787,0.10221144556999207,0.0021639573387801647,0.15331213176250458,2.044710636138916,0.03592684864997864,0.06847457587718964,0.03187955170869827,0.005520341452211142,0.02797994390130043,0.013067210093140602,0.0021639573387801647
30,47,perturbed,0.10906147956848145,0.18343113362789154,0.17230913043022156,0.39355093240737915,0.0456753633916378,0.17221927642822266,0.004023020155727863,0.24174770712852478,2.1172542572021484,0.0804506242275238,0.07803139090538025,0.09412720799446106,0.009484834037721157,0.02572046034038067,0.02382996492087841,0.004023020155727863
31,48,clean,0.07222769409418106,0.10968229174613953,0.11651383340358734,0.2808378040790558,0.03380241617560387,0.11645907163619995,0.002553560771048069,0.19772258400917053,2.082427501678467,0.03638339787721634,0.08205569535493851,0.0321466401219368,0.00877439510077238,0.0313522107899189,0.01366449985653162,0.002553560771048069
31,48,perturbed,0.11792276054620743,0.19219423830509186,0.17140254378318787,0.3881092071533203,0.04500989243388176,0.1713220626115799,0.0037444960325956345,0.21870477497577667,2.104361057281494,0.0798979327082634,0.08277565985918045,0.09320278465747833,0.008781150914728642,0.02730400487780571,0.0235841516405344,0.0037444960325956345
32,49,clean,0.08728890866041183,0.14662107825279236,0.16666577756404877,0.36457452178001404,0.04491344839334488,0.16662436723709106,0.002727220067754388,0.23663459718227386,2.1468987464904785,0.06324401497840881,0.09202878177165985,0.08034729957580566,0.014874459244310856,0.041680920869112015,0.014094685204327106,0.002727220067754388
32,49,perturbed,0.140317901968956,0.20535066723823547,0.1890728920698166,0.3425511419773102,0.047704633325338364,0.18902379274368286,0.0030405474826693535,0.297890305519104,2.182854175567627,0.08214520663022995,0.1002032682299614,0.09139640629291534,0.012742850929498672,0.02861286699771881,0.025656744837760925,0.0030405474826693535
33,50,clean,0.10115424543619156,0.16258247196674347,0.18833638727664948,0.3935968577861786,0.04996924102306366,0.1882951706647873,0.003004305297508836,0.2545151114463806,2.165800094604492,0.06553494185209274,0.09833836555480957,0.09739181399345398,0.016275497153401375,0.04805651679635048,0.01478625275194645,0.003004305297508836
33,50,perturbed,0.15424460172653198,0.23071487247943878,0.1909899115562439,0.3532729148864746,0.048201724886894226,0.19095516204833984,0.0026122797280550003,0.26834192872047424,2.128041982650757,0.07961637526750565,0.10255397111177444,0.09741785377264023,0.01258096657693386,0.030188903212547302,0.024935219436883926,0.0026122797280550003
34,52,clean,0.16250379383563995,0.25107428431510925,0.21778978407382965,0.3926042914390564,0.05632098764181137,0.21772532165050507,0.00386499403975904,0.27557873725891113,2.1970810890197754,0.07291046530008316,0.10658721625804901,0.11951171606779099,0.01884332112967968,0.048800934106111526,0.015682987868785858,0.00386499403975904
34,52,perturbed,0.197695791721344,0.29396581649780273,0.2324960082769394,0.4905308783054352,0.05859437957406044,0.23246997594833374,0.0025749539490789175,0.3750244081020355,2.359924554824829,0.08558614552021027,0.1209486573934555,0.1261518895626068,0.018468059599399567,0.03090260736644268,0.02545061893761158,0.0025749539490789175
35,53,clean,0.24663245677947998,0.4092855155467987,0.2359181046485901,0.4154894948005676,0.06172029301524162,0.23588262498378754,0.0031851220410317183,0.2862418293952942,2.159761905670166,0.07835744321346283,0.1072329729795456,0.135138601064682,0.020448219031095505,0.04667608439922333,0.015105280093848705,0.0031851220410317183
35,53,perturbed,0.243004709482193,0.34273138642311096,0.2491304725408554,0.5674543976783752,0.06524571031332016,0.24909469485282898,0.00311917788349092,0.35733482241630554,2.3304543495178223,0.0848509892821312,0.12055382877588272,0.14780700206756592,0.021175896748900414,0.030964462086558342,0.027674898505210876,0.00311917788349092
36,54,clean,0.2751348614692688,0.4153234660625458,0.2238939255475998,0.4153234660625458,0.05864928290247917,0.22386352717876434,0.0028688812162727118,0.3014252185821533,2.1976375579833984,0.07028790563344955,0.105413056910038,0.1253858506679535,0.02293248660862446,0.0403384193778038,0.01735370233654976,0.0028688812162727118
36,54,perturbed,0.2558862864971161,0.35016584396362305,0.26709628105163574,0.7005603313446045,0.0698983296751976,0.2670619487762451,0.003033113433048129,0.4085485339164734,2.415783166885376,0.08376360684633255,0.11860783398151398,0.1710824966430664,0.023096289485692978,0.030363569036126137,0.02893877774477005,0.003033113433048129
37,56,clean,0.22582142055034637,0.3247239887714386,0.16008514165878296,0.3247239887714386,0.04209159314632416,0.16004905104637146,0.002463278826326132,0.2546905279159546,2.154085159301758,0.05124972015619278,0.09032540023326874,0.07599592208862305,0.0170290544629097,0.023583199828863144,0.016870340332388878,0.002463278826326132
37,56,perturbed,0.30889466404914856,0.49624472856521606,0.2896859645843506,0.7516005039215088,0.07651495188474655,0.2896541357040405,0.002927484456449747,0.4270787239074707,2.498004674911499,0.08114627748727798,0.11084338277578354,0.19630329310894012,0.024817321449518204,0.02767462097108364,0.033043425530195236,0.002927484456449747
38,57,clean,0.22838327288627625,0.3313213586807251,0.15374916791915894,0.3313213586807251,0.039991479367017746,0.1536819487810135,0.0033224427606910467,0.24348239600658417,2.1208949089050293,0.04641897976398468,0.08795754611492157,0.0779099091887474,0.015279795974493027,0.01605020835995674,0.016812216490507126,0.0033224427606910467
38,57,perturbed,0.25439658761024475,0.3488621115684509,0.26688531041145325,0.665517270565033,0.06916892528533936,0.2668618857860565,0.0027066541370004416,0.3958915174007416,2.444042205810547,0.0786639153957367,0.10812194645404816,0.1743062138557434,0.02074158936738968,0.026342688128352165,0.03392362967133522,0.0027066541370004416
39,58,clean,0.1999676674604416,0.2888302206993103,0.13358253240585327,0.3043893873691559,0.03501427546143532,0.13354234397411346,0.0025494396686553955,0.19102399051189423,2.053382158279419,0.041692256927490234,0.07695427536964417,0.0678337961435318,0.012084362097084522,0.009539960883557796,0.016711484640836716,0.0025494396686553955
39,58,perturbed,0.24818043410778046,0.3651239275932312,0.25047168135643005,0.675172746181488,0.06510591506958008,0.2504405081272125,0.0032119143288582563,0.7410046458244324,2.4283533096313477,0.0787544846534729,0.11139655858278275,0.15648223459720612,0.01871604099869728,0.02716090902686119,0.03318066895008087,0.0032119143288582563
40,59,clean,0.16922371089458466,0.23735707998275757,0.13078173995018005,0.28291094303131104,0.03387564420700073,0.13072025775909424,0.0029786634258925915,0.19449126720428467,2.0356650352478027,0.04475922882556915,0.07191354036331177,0.066829614341259,0.011804965324699879,0.008244301192462444,0.01591177098453045,0.0029786634258925915
40,59,perturbed,0.2730182707309723,0.4164556860923767,0.3092431426048279,0.8735136389732361,0.08188547939062119,0.30921366810798645,0.0032404542434960604,0.784023642539978,2.4159810543060303,0.11572381108999252,0.1258360743522644,0.19442914426326752,0.019579846411943436,0.0328085795044899,0.042259834706783295,0.0032404542434960604
41,61,clean,0.1396605372428894,0.21830753982067108,0.12979038059711456,0.29599636793136597,0.03363150730729103,0.12973037362098694,0.003103814087808132,0.18070776760578156,2.056257486343384,0.05387754738330841,0.0712859034538269,0.05698771774768829,0.012045657262206078,0.007338011171668768,0.017985422164201736,0.003103814087808132
41,61,perturbed,0.3196055591106415,0.505790114402771,0.22741581499576569,0.5154719948768616,0.06354721635580063,0.22732791304588318,0.0044351862743496895,0.7190406918525696,2.158693313598633,0.09666605293750763,0.12197140604257584,0.10123676061630249,0.01595361903309822,0.024203209206461906,0.03876669332385063,0.0044351862743496895
42,62,clean,0.12406732887029648,0.17596842348575592,0.11706432700157166,0.27354374527931213,0.03047506883740425,0.11702071875333786,0.0026018405333161354,0.17140956223011017,0.5579968094825745,0.047745514661073685,0.06246527284383774,0.049400314688682556,0.010960988700389862,0.00875035673379898,0.019133426249027252,0.0026018405333161354
42,62,perturbed,0.2994505763053894,0.5240404605865479,0.16271629929542542,0.5240404605865479,0.047307342290878296,0.16263973712921143,0.003215820761397481,0.4193228483200073,2.1027958393096924,0.060564685612916946,0.10810814797878265,0.050675686448812485,0.014290863648056984,0.016625259071588516,0.030358750373125076,0.003215820761397481
43,63,clean,0.132148876786232,0.18844275176525116,0.12868216633796692,0.23807387053966522,0.03326547518372536,0.1286172717809677,0.003068607999011874,0.22720389068126678,2.0228147506713867,0.04365961253643036,0.07629778236150742,0.05347062274813652,0.014450481161475182,0.011475310660898685,0.019240550696849823,0.003068607999011874
43,63,perturbed,0.23974375426769257,0.4696364104747772,0.13150522112846375,0.4696364104747772,0.03884879872202873,0.1313607543706894,0.004205925390124321,0.40521228313446045,2.083958148956299,0.054671674966812134,0.08463665843009949,0.03897939994931221,0.014431769959628582,0.015912692993879318,0.0243808813393116,0.004205925390124321
44,65,clean,0.12380921840667725,0.2023925632238388,0.1082993820309639,0.2023925632238388,0.027988344430923462,0.10821469128131866,0.0035087906289845705,0.2196662276983261,0.6746807098388672,0.03509769216179848,0.06700233370065689,0.04326093569397926,0.013770786114037037,0.011412132531404495,0.0167061910033226,0.0035087906289845705
44,65,perturbed,0.13850624859333038,0.2114970088005066,0.11399516463279724,0.21708980202674866,0.029799222946166992,0.11384966969490051,0.004422807600349188,0.16566501557826996,2.0514776706695557,0.05059412494301796,0.07562947273254395,0.0274587944149971,0.014489870518445969,0.02111782506108284,0.017297308892011642,0.004422807600349188
45,66,clean,0.1056666225194931,0.20098483562469482,0.11650650203227997,0.2565808594226837,0.030104860663414,0.11644779145717621,0.0027222465723752975,0.2579430341720581,2.073054552078247,0.04921133443713188,0.061556730419397354,0.04665648937225342,0.015197312459349632,0.014778980053961277,0.016593487933278084,0.0027222465723752975
45,66,perturbed,0.16013941168785095,0.2750192880630493,0.10689716041088104,0.2750192880630493,0.028648264706134796,0.1067509725689888,0.004377797711640596,0.18637187778949738,2.041752338409424,0.05340970680117607,0.06943412125110626,0.024823293089866638,0.014493809081614017,0.021000519394874573,0.014182798564434052,0.004377797711640596
46,67,clean,0.11574746668338776,0.16766564548015594,0.12957395613193512,0.3178521692752838,0.03472421318292618,0.12944357097148895,0.004340499639511108,0.24741105735301971,2.063779592514038,0.07591982185840607,0.03640128672122955,0.06525873392820358,0.019736094400286674,0.015775030478835106,0.018812011927366257,0.004340499639511108
46,67,perturbed,0.13791608810424805,0.20943889021873474,0.09337585419416428,0.217329740524292,0.02467380464076996,0.09324914216995239,0.0039576874114573,0.1939842849969864,2.024169921875,0.04322737827897072,0.06284939497709274,0.019764907658100128,0.011618239805102348,0.018550191074609756,0.011377258226275444,0.0039576874114573
47,69,clean,0.234154611825943,0.4413045048713684,0.17080318927764893,0.5965432524681091,0.05040019750595093,0.17072607576847076,0.003239911748096347,0.22098641097545624,2.053177833557129,0.10175789147615433,0.059196919202804565,0.07447997480630875,0.0277548935264349,0.026817357167601585,0.016220679506659508,0.003239911748096347
47,69,perturbed,0.04305330291390419,0.0562577098608017,0.09026116132736206,0.2642984986305237,0.024838972836732864,0.09012638032436371,0.003499668790027499,0.29262521862983704,2.0149483680725098,0.048555102199316025,0.05296790972352028,0.021636027842760086,0.009841417893767357,0.013864201493561268,0.009995214641094208,0.003499668790027499
48,70,clean,0.21464712917804718,0.4456291198730469,0.13178695738315582,0.5191575884819031,0.039945270866155624,0.13170497119426727,0.002903528278693557,0.20140714943408966,0.5535210371017456,0.08551707863807678,0.04459475353360176,0.05269765853881836,0.023592311888933182,0.018887639045715332,0.014635032042860985,0.002903528278693557
48,70,perturbed,0.04846245050430298,0.071701280772686,0.0951925739645958,0.3095240890979767,0.027187947183847427,0.09504751116037369,0.0036742985248565674,0.2886689305305481,2.0056750774383545,0.05523771420121193,0.05197303369641304,0.02603774145245552,0.009146044962108135,0.014185195788741112,0.011687077581882477,0.0036742985248565674
49,71,clean,0.2113533765077591,0.4260662794113159,0.11559455096721649,0.4260662794113159,0.03383677452802658,0.11555342376232147,0.002254481427371502,0.20524592697620392,0.5559440851211548,0.07752826809883118,0.036670390516519547,0.04190671071410179,0.0226464681327343,0.016190633177757263,0.014745055697858334,0.002254481427371502
49,71,perturbed,0.0914347693324089,0.14150212705135345,0.22283653914928436,2.0192887783050537,0.12105304002761841,0.11472844332456589,0.1239113137125969,0.31045418977737427,2.0192887783050537,0.0721542090177536,0.0481681302189827,0.03951958194375038,0.00927120540291071,0.015344810672104359,0.01280868798494339,0.1239113137125969
