pair_id,trajectory_state_index,stage,manipulation_critical,clean_disagreement,perturbed_disagreement,disagreement_delta,perturbed_over_clean_ratio,counterexample,eef_object_distance_m,object_lift_height_m,object_target_xy_distance_m,clean_visible_pixels_mean,perturbed_visible_pixels_mean,visibility_gain_fraction,clean_min_visibility_view,largest_visibility_gain_view,largest_rgb_change_view,clean_max_action_disagreement_view,perturbed_max_action_disagreement_view,largest_matched_action_response_view,rgb_change_fraction_mean,rgb_pixel_fraction_change_over_10_mean
0,8,far_approach,False,0.12628859281539917,0.10142527520656586,-0.024863317608833313,0.8031230132940276,True,0.3564638700922104,0.0,0.11693424394333343,736.8,742.6,0.007871878393051146,yaw_p015,nominal,yaw_m030,yaw_m015,yaw_m015,yaw_m015,0.0039312145756740195,0.0153533935546875
1,9,far_approach,False,0.13095957040786743,0.11060874164104462,-0.020350828766822815,0.8446022027757031,True,0.35007386539712276,0.0,0.11693424394333343,736.6,742.4,0.007874015748031482,yaw_p015,nominal,yaw_m030,yaw_m015,yaw_m015,yaw_m015,0.0039312145756740195,0.0153533935546875
2,10,far_approach,False,0.14244356751441956,0.12148591876029968,-0.020957648754119873,0.8528705148303848,True,0.34395682645314446,0.0,0.11693424394333343,737.0,742.8,0.007869742198100438,yaw_p015,nominal,yaw_m030,yaw_m015,yaw_m015,yaw_m015,0.0039312145756740195,0.0153533935546875
3,12,far_approach,False,0.1463526487350464,0.15028852224349976,0.003935873508453369,1.0268930801216916,False,0.33282074191895905,0.0,0.11693424394333343,736.8,742.6,0.007871878393051146,yaw_p015,nominal,yaw_m030,yaw_m015,yaw_m015,nominal,0.0039312145756740195,0.0153533935546875
4,13,far_approach,False,0.14352667331695557,0.1626981794834137,0.01917150616645813,1.1335745177073877,False,0.32752956274409545,0.0,0.11693424394333343,736.6,742.4,0.007874015748031482,yaw_p015,nominal,yaw_m030,yaw_p015,yaw_m015,yaw_p030,0.0039312145756740195,0.0153533935546875
5,14,far_approach,False,0.1427798867225647,0.15966662764549255,0.016886740922927856,1.1182711466618576,False,0.32237917544143446,0.0,0.11693424394333343,736.6,742.4,0.007874015748031482,yaw_p015,nominal,yaw_m030,yaw_m030,yaw_m030,yaw_p030,0.0039312145756740195,0.0153533935546875
6,16,far_approach,False,0.17229577898979187,0.17391091585159302,0.0016151368618011475,1.0093742102753245,False,0.3119521113850581,0.0,0.11693424394333343,736.8,742.6,0.007871878393051146,yaw_p015,nominal,yaw_m030,yaw_m030,yaw_m030,nominal,0.0039312145756740195,0.0153533935546875
7,17,far_approach,False,0.17823389172554016,0.16555100679397583,-0.012682884931564331,0.9288413398328612,True,0.3058033456049351,0.0,0.11693424394333343,736.8,742.6,0.007871878393051146,yaw_p015,nominal,yaw_m030,nominal,yaw_p015,nominal,0.0039312145756740195,0.0153533935546875
8,18,far_approach,False,0.16853076219558716,0.15569287538528442,-0.012837886810302734,0.9238246677161299,True,0.29844543873621054,0.0,0.11693424394333343,736.8,742.6,0.007871878393051146,yaw_p015,nominal,yaw_m030,nominal,yaw_p015,nominal,0.0039312145756740195,0.0153533935546875
9,20,far_approach,False,0.19705958664417267,0.16285134851932526,-0.03420823812484741,0.8264066280286243,True,0.2805880512718774,0.0,0.11693424394333343,736.6,742.4,0.007874015748031482,yaw_p015,nominal,yaw_m030,nominal,yaw_p015,nominal,0.0039312145756740195,0.0153533935546875
10,21,far_approach,False,0.18668195605278015,0.1656453162431717,-0.02103663980960846,0.8873129452122259,True,0.27061387773612006,0.0,0.11693424394333343,736.6,742.4,0.007874015748031482,yaw_p015,nominal,yaw_m030,yaw_p015,yaw_p015,yaw_m030,0.0039312145756740195,0.0153533935546875
11,22,far_approach,False,0.17832161486148834,0.19106662273406982,0.012745007872581482,1.0714720303676095,False,0.2602242766026234,0.0,0.11693424394333343,736.8,742.6,0.007871878393051146,yaw_p015,nominal,yaw_m030,yaw_p030,nominal,yaw_p015,0.0039312145756740195,0.0153533935546875
12,23,far_approach,False,0.16524450480937958,0.17682544887065887,0.011580944061279297,1.0700836864417287,False,0.25001274809849633,0.0,0.11693424394333343,731.2,742.8,0.015864332603938713,yaw_m030,nominal,yaw_m030,yaw_p030,yaw_p015,yaw_p015,0.0039312145756740195,0.0153533935546875
13,25,far_approach,False,0.1543988138437271,0.1324983835220337,-0.02190043032169342,0.8581567450132118,True,0.23090602796150544,0.0,0.11693424394333343,722.6,742.6,0.02767783005812352,yaw_m030,yaw_m030,yaw_m030,yaw_p030,yaw_p030,yaw_m030,0.0039312145756740195,0.0153533935546875
14,26,far_approach,False,0.16738490760326385,0.12854048609733582,-0.03884442150592804,0.7679335487163682,True,0.22166049190319048,0.0,0.11693424394333343,720.0,742.4,0.03111111111111109,yaw_m030,yaw_m030,yaw_m030,yaw_p030,yaw_p030,yaw_m030,0.0039312145756740195,0.0153533935546875
15,27,far_approach,False,0.1822088658809662,0.14114601910114288,-0.0410628467798233,0.7746385908211023,True,0.21234515004221846,0.0,0.11693424394333343,716.6,740.6,0.03349148758024012,yaw_m030,yaw_m030,yaw_m030,yaw_p030,yaw_p030,yaw_m030,0.0039312145756740195,0.0153533935546875
16,29,far_approach,False,0.1978311389684677,0.1521708369255066,-0.04566030204296112,0.7691955761815691,True,0.19236591748737528,0.0,0.11693424394333343,695.6,738.0,0.06095457159286943,yaw_m030,yaw_m030,nominal,yaw_p030,yaw_p030,yaw_m030,0.0038855100145526963,0.01510009765625
17,30,far_approach,False,0.18856428563594818,0.16880138218402863,-0.019762903451919556,0.8951927541036333,True,0.1816599657887085,0.0,0.11693424394333343,675.6,734.8,0.08762581409117809,yaw_m030,yaw_m030,nominal,yaw_p030,nominal,yaw_m015,0.0038326368144914217,0.01485595703125
18,31,far_approach,False,0.24961012601852417,0.16026489436626434,-0.08934523165225983,0.6420608687740925,True,0.1702063256671597,0.0,0.11693424394333343,659.6,734.2,0.11309884778653734,yaw_m030,yaw_m030,nominal,nominal,nominal,nominal,0.0037786865234375002,0.0146514892578125
19,32,far_approach,False,0.31288498640060425,0.1538093239068985,-0.15907566249370575,0.4915842261282802,True,0.1581210739601439,0.0,0.11693424394333343,648.2,734.8,0.1336007405121875,yaw_m030,yaw_m030,nominal,nominal,yaw_p030,nominal,0.003722127278645833,0.0143951416015625
20,34,far_approach,False,0.37646666169166565,0.30093467235565186,-0.0755319893360138,0.7993660607379993,True,0.1324441853910967,0.0,0.11693424394333343,603.0,728.4,0.2079601990049751,yaw_m030,yaw_m030,nominal,nominal,nominal,yaw_m030,0.0035677083333333333,0.013800048828125
21,35,far_approach,False,0.387053519487381,0.3317285478115082,-0.0553249716758728,0.8570611843314435,True,0.11904635993561145,0.0,0.11693424394333343,572.4,721.8,0.26100628930817615,yaw_m030,yaw_m030,nominal,nominal,nominal,yaw_m030,0.003477675494025735,0.0133636474609375
22,36,close_approach,True,0.33364617824554443,0.3910733759403229,0.05742719769477844,1.1721200524362527,False,0.10558649245941527,0.0,0.11693424394333343,538.8,713.2,0.3236822568671123,yaw_m030,yaw_m030,nominal,nominal,nominal,yaw_p030,0.0033878939759497545,0.01292724609375
23,38,close_approach,True,0.3340100049972534,0.3543131649494171,0.020303159952163696,1.0607860831963123,False,0.07940999259367897,0.0,0.11693424394333343,466.8,693.2,0.48500428449014565,yaw_m030,yaw_m030,nominal,nominal,yaw_m015,yaw_p015,0.0031639906939338234,0.011895751953125
24,39,close_approach,True,0.2635343372821808,0.1845230907201767,-0.07901124656200409,0.7001861412943605,True,0.06767873953620865,0.0,0.11693424394333343,434.2,680.6,0.567480423767849,yaw_m030,nominal,nominal,yaw_m015,nominal,nominal,0.003035098805147059,0.011407470703125
25,40,close_approach,True,0.1518247276544571,0.3164944052696228,0.1646696776151657,2.084603807029003,False,0.05790705727053778,0.0,0.11693424394333343,409.0,675.8,0.6523227383863079,yaw_m030,nominal,nominal,yaw_m015,nominal,yaw_p030,0.002922614602481618,0.0109710693359375
26,41,grasp_contact,True,0.061887286603450775,0.09378673881292343,0.031899452209472656,1.5154443498851664,False,0.05120524269832066,0.0,0.11693424394333343,387.6,680.8,0.7564499484004126,yaw_p030,nominal,nominal,nominal,yaw_p030,yaw_p030,0.002872637580422794,0.0108428955078125
27,43,grasp_contact,True,0.0676075890660286,0.12965810298919678,0.06205051392316818,1.9178039740859103,False,0.04747970458615181,-0.0009637866747580492,0.11690190544141257,345.8,669.6,0.9363794100636207,yaw_p015,nominal,nominal,nominal,yaw_m030,yaw_p030,0.0029539938534007353,0.0105682373046875
28,44,grasp_contact,True,0.06712032854557037,0.14457136392593384,0.07745103538036346,2.1539132340179057,False,0.047171115921079705,-0.0005813544646424695,0.11691986149330438,348.6,675.8,0.9386115892139986,yaw_p030,nominal,nominal,nominal,yaw_m030,yaw_p030,0.002970999923406863,0.0106292724609375
29,45,grasp_contact,True,0.07529893517494202,0.1555270552635193,0.08022812008857727,2.0654615487215495,False,0.047296824028843915,-0.00013170164062925593,0.11693068001829934,352.6,679.2,0.9262620533182075,yaw_p030,nominal,nominal,nominal,yaw_p030,yaw_p030,0.0030078723383884804,0.0107330322265625
30,47,grasp_contact,True,0.10226240754127502,0.17230913043022156,0.07004672288894653,1.6849704067516147,False,0.04810897525267982,0.00029140130713289913,0.11693118743918085,366.8,691.2,0.8844056706652128,yaw_p015,nominal,nominal,yaw_m015,yaw_p030,yaw_p030,0.0030624210133272057,0.010955810546875
31,48,grasp_contact,True,0.11651383340358734,0.17140254378318787,0.054888710379600525,1.4710917903582645,False,0.048311294285827935,0.0005017979331848332,0.11683517639680562,375.6,698.4,0.8594249201277953,yaw_p015,nominal,nominal,yaw_m015,yaw_p030,yaw_p030,0.0030919093711703426,0.01109619140625
32,49,grasp_contact,True,0.16666577756404877,0.1890728920698166,0.022407114505767822,1.134443404238503,False,0.04814520041249825,0.000935544434428115,0.11692240565493707,384.4,701.8,0.8257023933402705,yaw_p030,nominal,nominal,nominal,yaw_p030,yaw_m030,0.0031344305300245096,0.0111480712890625
33,50,grasp_contact,True,0.18833638727664948,0.1909899115562439,0.0026535242795944214,1.0140892809826316,False,0.04800373149869852,0.0015187081773005984,0.1170752693257419,398.2,706.4,0.7739829231541939,yaw_p015,nominal,nominal,nominal,yaw_p030,yaw_m030,0.0031820379518995093,0.011297607421875
34,52,lift_transport,True,0.21778978407382965,0.2324960082769394,0.014706224203109741,1.0675248578148386,False,0.047897559265925115,0.005187126870323744,0.11595750088939942,418.0,718.0,0.7177033492822966,yaw_p015,nominal,nominal,nominal,nominal,yaw_m030,0.003273423138786765,0.0115203857421875
35,53,lift_transport,True,0.2359181046485901,0.2491304725408554,0.01321236789226532,1.0560040439115332,False,0.04785510367522642,0.008737196406296,0.11461038415733546,424.0,726.4,0.7132075471698112,yaw_p030,nominal,nominal,nominal,nominal,yaw_p015,0.0033368278952205883,0.011676025390625
36,54,lift_transport,True,0.2238939255475998,0.26709628105163574,0.04320235550403595,1.1929590336065243,False,0.04782583025840083,0.01325588337797845,0.11314448583721279,432.8,736.2,0.7010166358595196,yaw_p030,nominal,nominal,nominal,nominal,yaw_p015,0.0033919270833333336,0.0118255615234375
37,56,lift_transport,True,0.16008514165878296,0.2896859645843506,0.12960082292556763,1.8095743401458717,False,0.04778368962487931,0.025937349740082216,0.10953644029600448,446.8,756.2,0.6924798567591763,yaw_p015,nominal,nominal,nominal,nominal,nominal,0.003455056583180147,0.0120086669921875
38,57,lift_transport,True,0.15374916791915894,0.26688531041145325,0.11313614249229431,1.7358488115641777,False,0.047775562737298785,0.034429718525578634,0.10677647375522928,453.8,767.2,0.6906126046716616,yaw_p015,nominal,nominal,nominal,nominal,nominal,0.003491198969822304,0.0122100830078125
39,58,lift_transport,True,0.13358253240585327,0.25047168135643005,0.11688914895057678,1.8750331861911533,False,0.04778066926910526,0.04405321555141839,0.10310661746763639,465.8,785.6,0.6865607556891369,yaw_p015,nominal,nominal,nominal,nominal,nominal,0.003532056621476716,0.0123870849609375
40,59,lift_transport,True,0.13078173995018005,0.3092431426048279,0.17846140265464783,2.3645743107763426,False,0.047807212975199465,0.05439934858615847,0.09834098973423436,476.4,800.6,0.6805205709487827,yaw_p015,nominal,nominal,nominal,yaw_m015,nominal,0.003591176949295343,0.0126251220703125
41,61,lift_transport,True,0.12979038059711456,0.22741581499576569,0.09762543439865112,1.7521777342012161,False,0.048017671489868824,0.07396030167699041,0.08474346380113074,504.6,839.8,0.6642885453824809,yaw_m015,nominal,nominal,nominal,nominal,yaw_m030,0.0037440400965073535,0.01322021484375
42,62,lift_transport,True,0.11706432700157166,0.16271629929542542,0.04565197229385376,1.3899733886757906,False,0.04811659537095852,0.08189852129807229,0.07798743814190937,506.0,844.6,0.6691699604743084,yaw_m015,nominal,nominal,nominal,yaw_m030,yaw_m015,0.0038087014590992645,0.0133270263671875
43,63,lift_transport,True,0.12868216633796692,0.13150522112846375,0.002823054790496826,1.021938197582736,False,0.048281664554199875,0.08724664969967766,0.07050537750782677,521.6,860.2,0.6491564417177915,yaw_m030,nominal,nominal,yaw_m030,yaw_m030,yaw_m015,0.003855375402113971,0.01351318359375
44,65,place_alignment,False,0.1082993820309639,0.11399516463279724,0.0056957826018333435,1.0525929372358271,False,0.048699784319423615,0.09242325411203067,0.05467228972495819,549.0,881.6,0.6058287795992714,yaw_m030,nominal,nominal,yaw_m030,yaw_m030,nominal,0.003946676815257353,0.0138641357421875
45,66,place_alignment,False,0.11650650203227997,0.10689716041088104,-0.009609341621398926,0.9175209842044996,True,0.048933937629551186,0.09329292798384847,0.046184740355267054,546.0,883.8,0.6186813186813187,yaw_m030,nominal,nominal,nominal,yaw_m030,yaw_m030,0.0039793844784007356,0.0139312744140625
46,67,place_alignment,False,0.12957395613193512,0.09337585419416428,-0.036198101937770844,0.7206375183843803,True,0.049144397203577876,0.0931599564751987,0.03718654639589504,542.4,888.6,0.638274336283186,yaw_m030,yaw_p030,nominal,nominal,nominal,nominal,0.004030893363204656,0.0140045166015625
47,69,place_alignment,False,0.17080318927764893,0.09026116132736206,-0.08054202795028687,0.5284512643416637,True,0.049529556584087704,0.08780913118952594,0.017932333083904933,545.2,901.6,0.6537050623624356,yaw_m030,nominal,nominal,nominal,nominal,nominal,0.004092311485140931,0.0142547607421875
48,70,place_alignment,False,0.13178695738315582,0.0951925739645958,-0.03659438341856003,0.7223216610717709,True,0.04961901035332704,0.08222891122506637,0.010040416319743659,548.2,913.8,0.66690988690259,yaw_m030,nominal,nominal,nominal,nominal,nominal,0.004141965379901961,0.0144989013671875
49,71,place_alignment,False,0.11559455096721649,0.22283653914928436,0.10724198818206787,1.9277425906735217,False,0.04967362799066749,0.0753055144732252,0.008001310328197283,550.4,922.6,0.6762354651162792,yaw_m030,nominal,nominal,nominal,yaw_m030,nominal,0.004140708773743873,0.0144989013671875
